Страница;№;ID блока;Тип Тильды;Что это;Zero Block;Текстов;Картинок;Ссылок;Форм;КБ;Первый текст
/;1;rec2292828551;T360;Текстовый блок;;1;0;0;0;3.3;T360
/;2;rec2963663501;T396;Zero Block (ручная вёрстка);да;10;4;12;0;54.7;Ремонт квартир под ключ в Москве и Московской области
/;3;rec1610014251;T396;Zero Block (ручная вёрстка);да;6;0;6;0;20.3;ДИЗАЙН ИНТЕРЬЕРА
/;4;rec1574711491;T450;Меню сайта;;1;1;5;0;9.8;t450 ДИЗАЙН ИНТЕРЬЕРА КОМПЛЕКТАЦИЯ ПРИЕМКА КВАРТИРЫ КОНТАКТЫ ПАРТНЕРАМ
/;5;rec1574507381;T204;Обложка на весь экран;;3;1;1;0;3.0;РЕМОНТ КВАРТИР от 7850 рублей за м2
/;6;rec1617217661;T396;Zero Block (ручная вёрстка);да;13;6;0;0;65.2;ДИЗАЙН-ПРОЕКТ
/;7;rec2434771181;T396;Zero Block (ручная вёрстка);да;15;6;4;0;85.3;ДИЗАЙН-ПРОЕКТ
/;8;rec2434825941;T131;Отступ;;1;0;0;0;0.4;T123 nominify begin slider.js Слайдер в Zero-блоке. https://postnikovmd.com/mods/slider nominify end
/;9;rec1649955781;T215;Технический блок без контента;;0;0;0;0;0.1;
/;10;rec1579580341;T396;Zero Block (ручная вёрстка);да;7;1;0;0;23.8;РАБОТА С НАМИ
/;11;rec1649570031;T396;Zero Block (ручная вёрстка);да;7;1;0;0;25.7;РАБОТА С НАМИ
/;12;rec2660812601;T396;Zero Block (ручная вёрстка);да;7;0;0;0;31.9;КАК ПРОХОДИТ РЕМОНТ С ЭСПАДОЙ
/;13;rec2660815501;T396;Zero Block (ручная вёрстка);да;2;0;0;0;7.6;О ЧЕМ ХОЗЯИН КВАРТИРЫ:
/;14;rec2660823401;T396;Zero Block (ручная вёрстка);да;2;0;0;0;8.5;О ЧЕМ ХОЗЯИН КВАРТИРЫ:
/;15;rec2660825901;T1196;Плитка карточек;;10;5;0;0;11.4;"""СМЕТА ПОТОМ ВЫРАСТЕТ?"""
/;16;rec2660826401;T396;Zero Block (ручная вёрстка);да;2;0;0;0;9.8;КЛЮЧЕВЫЕ МОМЕНТЫ В ВЫБОРЕ КОМПАНИИ
/;17;rec2660831801;T396;Zero Block (ручная вёрстка);да;6;3;0;0;38.6;ЗАКРЕПЛЕНИЕ СТОИМОСТИ РАБОТ
/;18;rec2660834801;T396;Zero Block (ручная вёрстка);да;5;1;0;0;23.4;ОБЩЕНИЕ С НАШИМ ИНЖЕНЕРОМ
/;19;rec2660835101;T396;Zero Block (ручная вёрстка);да;3;0;0;0;13.5;ГДЕ УДАЛОСЬ ИЗБЕЖАТЬ
/;20;rec2660841101;T820;Текстовый блок;;4;1;0;0;3.2;ПЕРЕНОСИТЬ ЧАСТЬ ЭЛЕКТРИКИ
/;21;rec2660842501;T396;Zero Block (ручная вёрстка);да;4;0;0;0;16.6;ЧТО ПОЛУЧИЛ КЛИЕНТ?
/;22;rec2660842801;T2901;Текстовый блок;;1;11;0;0;11.6;T1370 nominify begin Повторяем первые 6 для заполнения 16 слотов nominify end
/;23;rec1579237591;T396;Zero Block (ручная вёрстка);да;17;4;6;0;115.0;ТАРИФЫ ремонта:
/;24;rec1709820431;T702;Попап с формой заявки;;6;0;2;1;9.3;ПОЛУЧИТЕ ИНДИВИДУАЛЬНЫЙ РАСЧЕТ СМЕТЫ
/;25;rec1709880741;T131;Отступ;;1;0;0;0;0.4;T123 nominify begin nominify end
/;26;rec1710052731;T131;Отступ;;1;0;0;0;0.4;T123 nominify begin nominify end
/;27;rec1594691201;T396;Zero Block (ручная вёрстка);да;14;3;5;0;90.9;ТАРИФЫ ремонта:
/;28;rec1594729141;T131;Отступ;;1;0;0;0;0.9;T123 nominify begin https://ilda.top/zero-tabs nominify end
/;29;rec1649971241;T215;Технический блок без контента;;0;0;0;0;0.1;
/;30;rec1614836341;T396;Zero Block (ручная вёрстка);да;1;0;0;0;4.2;ПРИМЕРЫ РЕАЛИЗОВАННЫХ ПРОЕКТОВ
/;31;rec1578817901;T857;Плитка карточек;;7;16;0;0;13.3;2-КОМНАТНАЯ КВАРТИРА НОВОСТРОЙКА ПОД КЛЮЧ
/;32;rec1620835091;T396;Zero Block (ручная вёрстка);да;1;0;0;0;4.6;ПРИМЕРЫ РЕАЛИЗОВАННЫХ ПРОЕКТОВ
/;33;rec1620830131;T857;Плитка карточек;;7;16;0;0;13.4;2-КОМНАТНАЯ КВАРТИРА НОВОСТРОЙКА ПОД КЛЮЧ
/;34;rec2196625171;T215;Технический блок без контента;;0;0;0;0;0.1;
/;35;rec1594752721;T396;Zero Block (ручная вёрстка);да;6;4;0;0;28.0;ОПЫТНЫЕ МАСТЕРА
/;36;rec1649795471;T396;Zero Block (ручная вёрстка);да;6;4;0;0;30.0;ОПЫТНЫЕ МАСТЕРА
/;37;rec1594548951;T396;Zero Block (ручная вёрстка);да;8;1;1;0;47.4;НАШИ ДИЗАЙНЕРЫ НАЙДУТ УНИКАЛЬНЫЕ РЕШЕНИЯ ДЛЯ ВАШЕГО ИНТЕРЬЕРА
/;38;rec1628126841;T131;Отступ;;1;0;0;0;0.4;T123 nominify begin nominify end
/;39;rec1649835771;T396;Zero Block (ручная вёрстка);да;8;1;1;0;48.7;НАШИ ДИЗАЙНЕРЫ НАЙДУТ УНИКАЛЬНЫЕ РЕШЕНИЯ ДЛЯ ВАШЕГО ИНТЕРЬЕРА
/;40;rec1649836021;T131;Отступ;;1;0;0;0;0.4;T123 nominify begin nominify end
/;41;rec1603884361;T738;Слайдер карточек;;1;16;0;0;11.7;НАШИ ПАРТНЕРЫ И ПОСТАВЩИКИ
/;42;rec1620856261;T738;Слайдер карточек;;1;16;0;0;11.8;НАШИ ПАРТНЕРЫ И ПОСТАВЩИКИ
/;43;rec1621096271;T215;Технический блок без контента;;0;0;0;0;0.1;
/;44;rec1617504151;T396;Zero Block (ручная вёрстка);да;1;0;0;0;4.3;ВОПРОС-ОТВЕТ
/;45;rec1620850631;T396;Zero Block (ручная вёрстка);да;1;0;0;0;4.6;ВОПРОС-ОТВЕТ
/;46;rec1558274421;T668;Текстовый блок;;12;0;0;0;15.5;Сколько стоит ремонт квартиры в Москве?
/;47;rec2474219531;T2371;Zero Block (ручная вёрстка);;8;4;0;0;114.5;все представленные отзывы достоверны и могут быть проверены вами лично на наших площадках (Яндекс.Карты, 2ГИС, Отзовик и
/;48;rec1618174841;T396;Zero Block (ручная вёрстка);да;4;1;0;0;23.7;ДОГОВОРИМСЯ О ВСТРЕЧЕ ПРЯМО СЕЙЧАС..
/;49;rec1628055271;T131;Отступ;;1;0;0;0;0.4;T123 nominify begin nominify end
/;50;rec1649773511;T396;Zero Block (ручная вёрстка);да;4;0;0;0;22.4;ДОГОВОРИМСЯ О ВСТРЕЧЕ ПРЯМО СЕЙЧАС..
/;51;rec1649773671;T131;Отступ;;1;0;0;0;0.4;T123 nominify begin nominify end
/;52;rec1621092521;T215;Технический блок без контента;;0;0;0;0;0.1;
/;53;rec1619155071;T396;Zero Block (ручная вёрстка);да;8;1;3;0;30.7;КОНТАКТЫ
/;54;rec1620885161;T396;Zero Block (ручная вёрстка);да;8;1;3;0;34.1;КОНТАКТЫ
/;55;rec1621114041;T898;Текстовый блок;;3;0;3;0;8.4;VK
/;56;rec1618905031;T396;Zero Block (ручная вёрстка);да;14;7;12;0;56.5;Москва, ул. Дегунинская, д. 1, корп.2
/;57;rec1620972831;T396;Zero Block (ручная вёрстка);да;14;7;12;0;73.1;Москва, ул. Дегунинская, д. 1, корп.2
/;58;rec1558891561;T270;Технический блок без контента;;0;0;0;0;2.3;
/design;1;rec2301260411;T360;Текстовый блок;;1;0;0;0;3.3;T360
/design;2;rec2471320141;T396;Zero Block (ручная вёрстка);да;10;4;12;0;54.7;Ремонт квартир под ключ в Москве и Московской области
/design;3;rec2456609371;T396;Zero Block (ручная вёрстка);да;6;0;6;0;20.3;ДИЗАЙН ИНТЕРЬЕРА
/design;4;rec2456609951;T204;Обложка на весь экран;;3;1;1;0;3.0;ДИЗАЙН ИНТЕРЬЕРА от 1790 рублей за м2
/design;5;rec1625377011;T450;Меню сайта;;1;1;4;0;9.7;t450 РЕМОНТ КВАРТИР КОМПЛЕКТАЦИЯ ПРИЕМКА КВАРТИР О КОМПАНИИ КОНТАКТЫ
/design;6;rec1621209371;T396;Zero Block (ручная вёрстка);да;3;1;0;0;12.8;КЛЮЧЕВАЯ ОСОБЕННОСТЬ РАБОТЫ НАШИХ ДИЗАЙНЕРОВ —
/design;7;rec1621165981;T396;Zero Block (ручная вёрстка);да;15;0;4;0;92.1;ТАРИФЫ УСЛУГ ПО ДИЗАЙНУ ИНТЕРЬЕРА:
/design;8;rec2486537231;T702;Попап с формой заявки;;6;0;2;1;9.3;ПОЛУЧИТЕ БЕСПЛАТНЫЙ ВЫЕЗД ДИЗАЙНЕРА
/design;9;rec1710292371;T131;Отступ;;1;0;0;0;0.4;T123 nominify begin nominify end
/design;10;rec1624307791;T396;Zero Block (ручная вёрстка);да;2;0;0;0;7.2;СОЧЕТАЕМ РАЗНЫЕ СТИЛЕВЫЕ НАПРАВЛЕНИЯ,
/design;11;rec1624306771;T670;Слайдер;;1;9;0;0;12.2;T670
/design;12;rec1623637811;T396;Zero Block (ручная вёрстка);да;3;2;0;0;15.0;СОЗДАЕМ УДОБНОЕ И ФУНКЦИОНАЛЬНОЕ
/design;13;rec1623805681;T396;Zero Block (ручная вёрстка);да;3;0;1;0;13.7;ПРОВЕРКА НА СООТВЕТСТВИЕ СТРОГИМ РЕГЛАМЕНТАМ
/design;14;rec1625438551;T396;Zero Block (ручная вёрстка);да;3;0;1;0;13.8;ПРОВЕРКА НА СООТВЕТСТВИЕ СТРОГИМ РЕГЛАМЕНТАМ
/design;15;rec2474333121;T396;Zero Block (ручная вёрстка);да;8;1;1;0;47.4;НАШИ ДИЗАЙНЕРЫ НАЙДУТ УНИКАЛЬНЫЕ РЕШЕНИЯ ДЛЯ ВАШЕГО ИНТЕРЬЕРА
/design;16;rec2474333671;T131;Отступ;;1;0;0;0;0.4;T123 nominify begin nominify end
/design;17;rec2474333971;T396;Zero Block (ручная вёрстка);да;8;1;1;0;48.7;НАШИ ДИЗАЙНЕРЫ НАЙДУТ УНИКАЛЬНЫЕ РЕШЕНИЯ ДЛЯ ВАШЕГО ИНТЕРЬЕРА
/design;18;rec2474334021;T131;Отступ;;1;0;0;0;0.4;T123 nominify begin nominify end
/design;19;rec2474335551;T738;Слайдер карточек;;1;16;0;0;11.7;НАШИ ПАРТНЕРЫ И ПОСТАВЩИКИ
/design;20;rec2474335781;T738;Слайдер карточек;;1;16;0;0;11.8;НАШИ ПАРТНЕРЫ И ПОСТАВЩИКИ
/design;21;rec1625062311;T215;Технический блок без контента;;0;0;0;0;0.1;
/design;22;rec2474336281;T396;Zero Block (ручная вёрстка);да;8;1;3;0;30.7;КОНТАКТЫ
/design;23;rec2474336401;T396;Zero Block (ручная вёрстка);да;8;1;3;0;34.1;КОНТАКТЫ
/design;24;rec1624025941;T898;Текстовый блок;;3;0;3;0;8.4;Telegram
/design;25;rec2474338401;T396;Zero Block (ручная вёрстка);да;14;7;12;0;56.5;Москва, ул. Дегунинская, д. 1, корп.2
/design;26;rec2474338641;T396;Zero Block (ручная вёрстка);да;14;7;12;0;73.1;Москва, ул. Дегунинская, д. 1, корп.2
/komplekt;1;rec2486552661;T396;Zero Block (ручная вёрстка);да;10;4;12;0;54.7;Ремонт квартир под ключ в Москве и Московской области
/komplekt;2;rec2486553071;T396;Zero Block (ручная вёрстка);да;6;0;6;0;20.3;ДИЗАЙН ИНТЕРЬЕРА
/komplekt;3;rec2486554671;T204;Обложка на весь экран;;3;1;1;0;3.3;КОМПЛЕКТАЦИЯ ПОДБОР ЧЕРНОВЫХ И ЧИСТОВЫХ МАТЕРИАЛОВ
/komplekt;4;rec1625492661;T450;Меню сайта;;1;1;4;0;9.8;t450 РЕМОНТ КВАРТИР ДИЗАЙН ИНТЕРЬЕРА ПРИЕМКА КВАРТИР О КОМПАНИИ КОНТАКТЫ
/komplekt;5;rec1624513341;T396;Zero Block (ручная вёрстка);да;6;0;0;0;36.2;ВСЕ ДЛЯ ВАШЕГО ПРОЕКТА В ОДНОМ МЕСТЕ.
/komplekt;6;rec2963082101;T566;Текстовый блок;;12;0;0;0;6.2;ЭТАПЫ РАБОТЫ
/komplekt;7;rec1624849391;T396;Zero Block (ручная вёрстка);да;5;0;0;0;19.6;ДОПОЛНИТЕЛЬНО:
/komplekt;8;rec2486598131;T738;Слайдер карточек;;1;16;0;0;11.7;НАШИ ПАРТНЕРЫ И ПОСТАВЩИКИ
/komplekt;9;rec2486598321;T738;Слайдер карточек;;1;16;0;0;11.8;НАШИ ПАРТНЕРЫ И ПОСТАВЩИКИ
/komplekt;10;rec1710366251;T131;Отступ;;1;0;0;0;0.4;T123 nominify begin nominify end
/komplekt;11;rec1710366371;T131;Отступ;;1;0;0;0;0.4;T123 nominify begin nominify end
/komplekt;12;rec2486600741;T396;Zero Block (ручная вёрстка);да;4;1;0;0;23.7;ДОГОВОРИМСЯ О ВСТРЕЧЕ ПРЯМО СЕЙЧАС..
/komplekt;13;rec2486601211;T131;Отступ;;1;0;0;0;0.4;T123 nominify begin nominify end
/komplekt;14;rec2486602051;T396;Zero Block (ручная вёрстка);да;4;0;0;0;22.4;ДОГОВОРИМСЯ О ВСТРЕЧЕ ПРЯМО СЕЙЧАС..
/komplekt;15;rec2486602191;T131;Отступ;;1;0;0;0;0.4;T123 nominify begin nominify end
/komplekt;16;rec2486672691;T702;Попап с формой заявки;;6;0;2;1;9.3;ПОЛУЧИТЕ ИНДИВИДУАЛЬНЫЙ РАСЧЕТ СМЕТЫ
/komplekt;17;rec2486673001;T131;Отступ;;1;0;0;0;0.4;T123 nominify begin nominify end
/komplekt;18;rec1625099111;T215;Технический блок без контента;;0;0;0;0;0.1;
/komplekt;19;rec2486603121;T396;Zero Block (ручная вёрстка);да;8;1;3;0;30.7;КОНТАКТЫ
/komplekt;20;rec2486603241;T396;Zero Block (ручная вёрстка);да;8;1;3;0;34.1;КОНТАКТЫ
/komplekt;21;rec1624859891;T898;Текстовый блок;;3;0;3;0;8.4;Telegram
/komplekt;22;rec2486604621;T396;Zero Block (ручная вёрстка);да;14;7;12;0;56.5;Москва, ул. Дегунинская, д. 1, корп.2
/komplekt;23;rec2486604711;T396;Zero Block (ручная вёрстка);да;14;7;12;0;73.1;Москва, ул. Дегунинская, д. 1, корп.2
/priemka;1;rec2486610191;T396;Zero Block (ручная вёрстка);да;10;4;12;0;54.7;Ремонт квартир под ключ в Москве и Московской области
/priemka;2;rec2486610291;T396;Zero Block (ручная вёрстка);да;6;0;6;0;20.3;ДИЗАЙН ИНТЕРЬЕРА
/priemka;3;rec2486610521;T204;Обложка на весь экран;;3;1;1;0;3.2;ПРИЕМКА КВАРТИР В НОВОСТРОЙКЕ
/priemka;4;rec1971571581;T450;Меню сайта;;1;1;4;0;9.8;t450 РЕМОНТ КВАРТИР ДИЗАЙН ИНТЕРЬЕРА КОМПЛЕКТАЦИЯ О КОМПАНИИ КОНТАКТЫ
/priemka;5;rec1971573811;T396;Zero Block (ручная вёрстка);да;6;0;0;0;35.8;В ХОДЕ ПРИЕМКИ МЫ ПРОВЕРИМ
/priemka;6;rec2486645791;T702;Попап с формой заявки;;6;0;2;1;9.6;ПРИГЛАСИТЕ ПРОФЕССИОНАЛЬНОГО ПРИЕМЩИКА
/priemka;7;rec2486651011;T131;Отступ;;1;0;0;0;0.4;T123 nominify begin nominify end
/priemka;8;rec2486652171;T396;Zero Block (ручная вёрстка);да;4;1;0;0;23.7;ДОГОВОРИМСЯ О ВСТРЕЧЕ ПРЯМО СЕЙЧАС..
/priemka;9;rec2486652471;T131;Отступ;;1;0;0;0;0.4;T123 nominify begin nominify end
/priemka;10;rec2486652711;T396;Zero Block (ручная вёрстка);да;4;0;0;0;22.4;ДОГОВОРИМСЯ О ВСТРЕЧЕ ПРЯМО СЕЙЧАС..
/priemka;11;rec2486652791;T131;Отступ;;1;0;0;0;0.4;T123 nominify begin nominify end
/priemka;12;rec2486687541;T215;Технический блок без контента;;0;0;0;0;0.1;
/priemka;13;rec2486653281;T396;Zero Block (ручная вёрстка);да;8;1;3;0;30.7;КОНТАКТЫ
/priemka;14;rec2486653361;T396;Zero Block (ручная вёрстка);да;8;1;3;0;34.1;КОНТАКТЫ
/priemka;15;rec2486653731;T898;Текстовый блок;;3;0;3;0;8.4;VK
/priemka;16;rec2486653911;T396;Zero Block (ручная вёрстка);да;14;7;12;0;56.5;Москва, ул. Дегунинская, д. 1, корп.2
/priemka;17;rec2486653961;T396;Zero Block (ручная вёрстка);да;14;7;12;0;73.1;Москва, ул. Дегунинская, д. 1, корп.2
/partners;1;rec2486691841;T396;Zero Block (ручная вёрстка);да;7;4;10;0;38.5;Ремонт квартир под ключ в Москве и Московской области
/partners;2;rec2486693471;T396;Zero Block (ручная вёрстка);да;6;0;6;0;20.3;ДИЗАЙН ИНТЕРЬЕРА
/partners;3;rec2293032481;T450;Меню сайта;;1;1;5;0;9.8;t450 РЕМОНТ КВАРТИР ДИЗАЙН ИНТЕРЬЕРА КОМПЛЕКТАЦИЯ ПРИЕМКА КВАРТИРЫ КОНТАКТЫ
/partners;4;rec2301436161;T396;Zero Block (ручная вёрстка);да;3;0;0;0;10.3;ПАРТНЕРАМ
/partners;5;rec2293019481;T396;Zero Block (ручная вёрстка);да;6;3;3;0;63.4;о компании
/partners;6;rec2315266221;T2781;Zero Block (ручная вёрстка);;14;0;0;0;115.9;ПРИСОЕДИНЯЙСЯ К НАШЕЙ ДРУЖНОЙ КОМАНДЕ В КАЧЕСТВЕ ПАРТНЕРА!
/partners;7;rec2486704431;T215;Технический блок без контента;;0;0;0;0;0.1;
/partners;8;rec2336790911;T396;Zero Block (ручная вёрстка);да;6;1;1;0;21.5;КОНТАКТЫ
/partners;9;rec2486702961;T396;Zero Block (ручная вёрстка);да;14;7;12;0;56.5;Москва, ул. Дегунинская, д. 1, корп.2
/partners;10;rec2486703801;T396;Zero Block (ручная вёрстка);да;14;7;12;0;73.1;Москва, ул. Дегунинская, д. 1, корп.2
/politicakonfident;1;rec1620360171;T396;Zero Block (ручная вёрстка);да;6;1;6;0;21.6;Ремонт квартир под ключ в Москве и Московской области
/politicakonfident;2;rec2196675411;T396;Zero Block (ручная вёрстка);да;6;1;6;0;21.8;Ремонт квартир под ключ в Москве и Московской области
/politicakonfident;3;rec1620754911;T396;Zero Block (ручная вёрстка);да;1;0;1;0;4.3;Главная / Политика конфиденциальности
/politicakonfident;4;rec1620046711;T396;Zero Block (ручная вёрстка);да;2;0;1;0;35.8;г. Москва «27» ноября 2025 Настоящая Политика конфиденциальности персональных данных (далее – Политика конфиденциальност
/soglasienaobrabotku;1;rec2282973491;T396;Zero Block (ручная вёрстка);да;7;1;3;0;24.0;Ремонт квартир под ключ в Москве и Московской области
/soglasienaobrabotku;2;rec2282974241;T396;Zero Block (ручная вёрстка);да;7;1;3;0;24.2;Ремонт квартир под ключ в Москве и Московской области
/soglasienaobrabotku;3;rec2282975091;T396;Zero Block (ручная вёрстка);да;1;0;1;0;4.3;Главная / Согласие на обработку персональных данных
/soglasienaobrabotku;4;rec2282997721;T396;Zero Block (ручная вёрстка);да;2;0;1;0;10.8;г. Москва «27» ноября 2025 Настоящим, оставляя заявку на сайте, я свободно, своей волей и в своём интересе даю согласие 
/5643;1;rec2451830341;T396;Zero Block (ручная вёрстка);да;7;0;0;0;31.9;КАК ПРОХОДИТ РЕМОНТ С ЭСПАДОЙ
/5643;2;rec2657856101;T396;Zero Block (ручная вёрстка);да;2;0;0;0;7.6;О ЧЕМ ХОЗЯИН КВАРТИРЫ:
/5643;3;rec2660423001;T396;Zero Block (ручная вёрстка);да;2;0;0;0;8.5;О ЧЕМ ХОЗЯИН КВАРТИРЫ:
/5643;4;rec2451830401;T1196;Плитка карточек;;10;5;0;0;11.4;"""СМЕТА ПОТОМ ВЫРАСТЕТ?"""
/5643;5;rec2471028551;T396;Zero Block (ручная вёрстка);да;2;0;0;0;9.8;КЛЮЧЕВЫЕ МОМЕНТЫ В ВЫБОРЕ КОМПАНИИ
/5643;6;rec2658309201;T396;Zero Block (ручная вёрстка);да;6;3;0;0;38.6;ЗАКРЕПЛЕНИЕ СТОИМОСТИ РАБОТ
/5643;7;rec2471107611;T396;Zero Block (ручная вёрстка);да;5;1;0;0;23.4;ОБЩЕНИЕ С НАШИМ ИНЖЕНЕРОМ
/5643;8;rec2451830741;T396;Zero Block (ручная вёрстка);да;3;0;0;0;13.5;ГДЕ УДАЛОСЬ ИЗБЕЖАТЬ
/5643;9;rec2451830841;T820;Текстовый блок;;4;1;0;0;3.2;ПЕРЕНОСИТЬ ЧАСТЬ ЭЛЕКТРИКИ
/5643;10;rec2451831451;T396;Zero Block (ручная вёрстка);да;4;0;0;0;16.6;ЧТО ПОЛУЧИЛ КЛИЕНТ?
/5643;11;rec2451831291;T2901;Текстовый блок;;1;11;0;0;11.6;T1370 nominify begin Повторяем первые 6 для заполнения 16 слотов nominify end
/5643;12;rec2474030201;T2411;Zero Block (ручная вёрстка);;12;6;0;0;245.5;НЕ ВЕРЬТЕ СЛОВАМ — ПОСМОТРИТЕ ЧТО ГОВОРЯТ ЖИВЫЕ КЛИЕНТЫ.
/5643;13;rec2474022581;T396;Zero Block (ручная вёрстка);да;8;0;3;0;30.3;КОНТАКТЫ
/5643;14;rec2656421901;T396;Zero Block (ручная вёрстка);да;1;0;0;0;4.2;ПРИМЕРЫ РЕАЛИЗОВАННЫХ ПРОЕКТОВ
/5643;15;rec2656424501;T857;Плитка карточек;;7;16;0;0;13.4;2-КОМНАТНАЯ КВАРТИРА НОВОСТРОЙКА ПОД КЛЮЧ
/5643;16;rec2656425301;T396;Zero Block (ручная вёрстка);да;1;0;0;0;4.6;ПРИМЕРЫ РЕАЛИЗОВАННЫХ ПРОЕКТОВ
/5643;17;rec2656427901;T857;Плитка карточек;;7;16;0;0;13.6;2-КОМНАТНАЯ КВАРТИРА НОВОСТРОЙКА ПОД КЛЮЧ
