Страница;Файл в выгрузке;Размер, КБ;Пиксели;Alt;Блок;Всего страниц с этой картинкой;Адрес оригинала
/;stranicy/glavnaya/images/001.png;11.1;512x512;;rec2963663501;5;https://static.tildacdn.com/tild6639-3530-4230-a232-336561633365/IMG_9479.PNG
/;stranicy/glavnaya/images/002.png;30.0;800x638;;rec2963663501;5;https://static.tildacdn.com/tild6335-6162-4830-b432-313935376235/IMG_9481.PNG
/;stranicy/glavnaya/images/003.png;108.9;1680x1680;;rec2963663501;5;https://static.tildacdn.com/tild3133-3134-4432-b563-343761303963/_1tk.png
/;stranicy/glavnaya/images/004.png;47.0;1373x361;;rec2963663501;5;https://static.tildacdn.com/tild3062-3932-4135-b763-316165343938/noroot.png
/;stranicy/glavnaya/images/005.png;16.2;1224x331;;rec1574711491;2;https://static.tildacdn.com/tild6436-6633-4737-a430-383235353165/noroot.png
/;stranicy/glavnaya/images/006.jpg;154.8;1680x1119;;rec1574507381;4;https://static.tildacdn.com/tild6137-6331-4562-b537-313433393335/02-6FniwN8S9ZI.jpg
/;stranicy/glavnaya/images/007.png;849.8;895x895;;rec1617217661;1;https://static.tildacdn.com/tild3937-3062-4435-b530-323662623232/noroot.png
/;stranicy/glavnaya/images/008.png;1792.9;1120x1120;;rec1617217661;1;https://static.tildacdn.com/tild3132-3939-4262-b435-323863663734/noroot.png
/;stranicy/glavnaya/images/009.jpg;310.2;1680x1573;;rec1617217661;1;https://static.tildacdn.com/tild6665-6461-4134-b163-313538626536/DSC00983.jpg
/;stranicy/glavnaya/images/010.png;1057.4;1120x1120;;rec1617217661;1;https://static.tildacdn.com/tild6539-6430-4136-a337-383230643336/noroot.png
/;stranicy/glavnaya/images/011.png;637.2;587x587;;rec1617217661;1;https://static.tildacdn.com/tild6234-3962-4461-a165-326533313732/noroot.png
/;stranicy/glavnaya/images/012.png;833.0;1013x1013;;rec1617217661;1;https://static.tildacdn.com/tild6465-3132-4661-b564-303561356532/noroot.png
/;stranicy/glavnaya/images/013.png;28.0;1108x1881;;rec1579580341;1;https://static.tildacdn.com/tild3532-6235-4538-a363-373233646334/EspadaLogo-05.png
/;stranicy/glavnaya/images/014.png;250.8;700x525;;rec2660825901;2;https://static.tildacdn.com/tild3836-3733-4235-b838-613432353364/noroot.png
/;stranicy/glavnaya/images/015.png;439.5;700x560;;rec2660825901;2;https://static.tildacdn.com/tild6331-3931-4837-a363-366563323731/noroot.png
/;stranicy/glavnaya/images/016.jpg;72.6;766x1024;;rec2660825901;2;https://static.tildacdn.com/tild3032-6564-4433-b835-626237626435/photo_4_2026-06-11_1.jpg
/;stranicy/glavnaya/images/017.png;422.7;700x466;;rec2660825901;2;https://static.tildacdn.com/tild6266-3134-4530-b164-653739623663/7__2026__21_59_11.png
/;stranicy/glavnaya/images/018.jpg;65.1;700x1240;;rec2660825901;2;https://static.tildacdn.com/tild3765-3536-4231-a630-333537353935/IMG_7971.JPG
/;stranicy/glavnaya/images/019.png;380.0;1292x726;;rec2660831801;2;https://static.tildacdn.com/tild6230-6666-4439-b530-396130613539/noroot.png
/;stranicy/glavnaya/images/020.png;538.3;959x540;;rec2660831801;2;https://static.tildacdn.com/tild3232-6633-4666-a537-653935643131/noroot.png
/;stranicy/glavnaya/images/021.png;1246.0;1276x730;;rec2660831801;2;https://static.tildacdn.com/tild3531-6262-4537-a364-386234313833/noroot.png
/;stranicy/glavnaya/images/022.png;1465.7;1680x2240;;rec2660834801;2;https://static.tildacdn.com/tild3034-6638-4561-b262-666461383665/IMG_2357_.png
/;stranicy/glavnaya/images/023.svg;0.6;;;rec2660841101;2;https://static.tildacdn.com/lib/icons/bullets/cross3.svg
/;stranicy/glavnaya/images/024.jpg;65.1;960x1280;Photo 1;rec2660842801;2;https://static.tildacdn.com/tild3766-3461-4362-a264-393738363439/photo_6_2026-07-07_2.jpg
/;stranicy/glavnaya/images/025.jpg;69.6;960x1280;Photo 2;rec2660842801;2;https://static.tildacdn.com/tild6532-6263-4237-b434-316663646436/photo_5_2026-07-07_2.jpg
/;stranicy/glavnaya/images/026.jpg;95.6;960x1280;Photo 3;rec2660842801;2;https://static.tildacdn.com/tild3339-6332-4337-b663-366261626366/photo_3_2026-07-07_2.jpg
/;stranicy/glavnaya/images/027.jpg;82.6;960x1280;Photo 4;rec2660842801;2;https://static.tildacdn.com/tild3530-3235-4733-b333-656137393166/photo_4_2026-07-07_2.jpg
/;stranicy/glavnaya/images/028.jpg;100.8;854x1280;Photo 5;rec2660842801;2;https://static.tildacdn.com/tild6633-3663-4436-a636-636636623035/photo_3_2026-07-07_2.jpg
/;stranicy/glavnaya/images/029.jpg;93.2;960x1280;Photo 6;rec2660842801;2;https://static.tildacdn.com/tild6439-3036-4836-a433-376538663630/photo_8_2026-07-07_2.jpg
/;stranicy/glavnaya/images/030.jpg;97.5;854x1280;Photo 7;rec2660842801;2;https://static.tildacdn.com/tild3962-6337-4033-a161-386666393164/photo_1_2026-07-07_2.jpg
/;stranicy/glavnaya/images/031.jpg;105.3;1280x854;Photo 8;rec2660842801;2;https://static.tildacdn.com/tild6366-3063-4737-b132-613364653864/photo_4_2026-07-07_2.jpg
/;stranicy/glavnaya/images/032.jpg;126.9;1280x854;Photo 9;rec2660842801;2;https://static.tildacdn.com/tild3834-3039-4232-b763-653339323830/photo_5_2026-07-07_2.jpg
/;stranicy/glavnaya/images/033.jpg;87.4;960x1280;Photo 15;rec2660842801;2;https://static.tildacdn.com/tild3436-3265-4266-b337-356532303432/photo_7_2026-07-07_2.jpg
/;stranicy/glavnaya/images/034.jpg;78.8;854x1280;Photo 16;rec2660842801;2;https://static.tildacdn.com/tild6138-6235-4838-b433-643965623562/photo_2_2026-07-07_2.jpg
/;stranicy/glavnaya/images/035.jpg;253.4;1680x1260;;rec1579237591;1;https://static.tildacdn.com/tild6331-3736-4066-a364-633866666237/13.jpg
/;stranicy/glavnaya/images/036.png;679.8;856x645;;rec1579237591;1;https://static.tildacdn.com/tild6361-3235-4539-b639-353338303763/noroot.png
/;stranicy/glavnaya/images/037.png;1267.5;1400x1070;;rec1579237591;1;https://static.tildacdn.com/tild3238-3661-4633-a531-313965336134/noroot.png
/;stranicy/glavnaya/images/038.png;1991.0;1499x1142;;rec1579237591;1;https://static.tildacdn.com/tild3663-6163-4965-b735-303161376439/noroot.png
/;stranicy/glavnaya/images/039.png;1937.1;1491x1113;;rec1594691201;1;https://static.tildacdn.com/tild3534-3566-4138-b362-343334353136/noroot.png
/;stranicy/glavnaya/images/040.png;951.2;1196x916;;rec1594691201;1;https://static.tildacdn.com/tild3063-6462-4961-b135-336439366661/noroot.png
/;stranicy/glavnaya/images/041.png;1082.9;1124x871;;rec1594691201;1;https://static.tildacdn.com/tild3434-6263-4838-a264-663138303535/noroot.png
/;stranicy/glavnaya/images/042.png;483.7;700x700;;rec1578817901;1;https://static.tildacdn.com/tild3062-6137-4064-b134-633136656438/noroot.png
/;stranicy/glavnaya/images/043.png;402.7;700x700;;rec1578817901;1;https://static.tildacdn.com/tild6138-3363-4537-a361-393964666439/noroot.png
/;stranicy/glavnaya/images/044.png;640.6;700x700;;rec1578817901;1;https://static.tildacdn.com/tild3731-3062-4463-a533-393365613262/noroot.png
/;stranicy/glavnaya/images/045.png;552.7;700x700;;rec1578817901;1;https://static.tildacdn.com/tild6235-6530-4062-a336-376365373533/noroot.png
/;stranicy/glavnaya/images/046.png;417.3;700x700;;rec1578817901;1;https://static.tildacdn.com/tild3939-6130-4431-a265-303463343261/noroot.png
/;stranicy/glavnaya/images/047.png;434.1;700x700;;rec1578817901;1;https://static.tildacdn.com/tild3265-3335-4935-b337-613366363234/noroot.png
/;stranicy/glavnaya/images/048.jpg;50.2;700x466;;rec1578817901;2;https://static.tildacdn.com/tild3938-3537-4332-b566-326162306161/DSCF0166_1.jpg
/;stranicy/glavnaya/images/049.jpg;74.1;700x466;;rec1578817901;2;https://static.tildacdn.com/tild6632-3862-4037-a331-373038366538/DSCF0176.jpg
/;stranicy/glavnaya/images/050.jpg;44.4;700x466;;rec1578817901;2;https://static.tildacdn.com/tild3136-3763-4464-a339-343465366365/01-Fimh1MPOUW8.jpg
/;stranicy/glavnaya/images/051.jpg;47.9;700x466;;rec1578817901;2;https://static.tildacdn.com/tild6465-3062-4262-a639-663039353339/06-pOAMiqzH6tQ.jpg
/;stranicy/glavnaya/images/052.png;190.6;466x466;;rec1578817901;1;https://static.tildacdn.com/tild3638-6463-4535-b631-316338336562/noroot.png
/;stranicy/glavnaya/images/053.png;433.5;700x700;;rec1578817901;1;https://static.tildacdn.com/tild6139-3665-4563-b437-336335396332/noroot.png
/;stranicy/glavnaya/images/054.jpg;140.7;700x933;;rec1578817901;2;https://static.tildacdn.com/tild6164-3234-4863-b565-326334653835/IMG_4285.jpg
/;stranicy/glavnaya/images/055.jpg;101.1;700x933;;rec1578817901;2;https://static.tildacdn.com/tild3634-3939-4361-a435-353735396165/IMG_4294.jpg
/;stranicy/glavnaya/images/056.jpg;48.8;700x466;;rec1578817901;2;https://static.tildacdn.com/tild6338-6430-4265-b134-666330343531/05-nABrhS0xtgk.jpg
/;stranicy/glavnaya/images/057.jpg;46.5;700x466;;rec1578817901;2;https://static.tildacdn.com/tild3162-3762-4235-a134-633566633333/17-t-p3SrqzjbA.jpg
/;stranicy/glavnaya/images/058.png;457.7;700x700;;rec1620830131;1;https://static.tildacdn.com/tild3734-3562-4937-a261-336661306535/noroot.png
/;stranicy/glavnaya/images/059.png;450.1;700x700;;rec1620830131;1;https://static.tildacdn.com/tild3565-6238-4465-b635-386437386663/noroot.png
/;stranicy/glavnaya/images/060.png;639.0;700x700;;rec1620830131;1;https://static.tildacdn.com/tild3737-6438-4534-a363-343038363163/noroot.png
/;stranicy/glavnaya/images/061.png;554.1;700x700;;rec1620830131;1;https://static.tildacdn.com/tild6137-3264-4135-a636-643335373334/noroot.png
/;stranicy/glavnaya/images/062.png;407.6;700x700;;rec1620830131;1;https://static.tildacdn.com/tild6165-3636-4935-b037-303163613937/noroot.png
/;stranicy/glavnaya/images/063.png;404.2;700x700;;rec1620830131;1;https://static.tildacdn.com/tild3962-3965-4837-b366-366664306564/noroot.png
/;stranicy/glavnaya/images/064.png;185.9;466x466;;rec1620830131;1;https://static.tildacdn.com/tild3734-3133-4133-a561-373234313535/noroot.png
/;stranicy/glavnaya/images/065.png;455.8;700x700;;rec1620830131;1;https://static.tildacdn.com/tild6538-3137-4461-b562-613731653763/noroot.png
/;stranicy/glavnaya/images/066.jpg;514.2;1000x1000;;rec1594752721;1;https://static.tildacdn.com/tild6434-3236-4538-a532-643336303435/i.jpg
/;stranicy/glavnaya/images/067.png;982.2;960x960;;rec1594752721;1;https://static.tildacdn.com/tild3266-6361-4839-a333-376434656663/noroot.png
/;stranicy/glavnaya/images/068.png;363.8;429x866;;rec1594752721;1;https://static.tildacdn.com/tild6564-6635-4136-b837-363938626638/noroot.png
/;stranicy/glavnaya/images/069.jpg;522.7;1680x1679;;rec1594752721;1;https://static.tildacdn.com/tild6138-3839-4263-a566-663134643131/DSCF70001.jpg
/;stranicy/glavnaya/images/070.png;797.9;1076x1158;;rec1594548951;2;https://static.tildacdn.com/tild3761-3734-4639-b230-323637353830/noroot.png
/;stranicy/glavnaya/images/071.jpg;11.6;800x366;;rec1603884361;3;https://static.tildacdn.com/tild3762-3336-4634-b861-636338373530/d2d88030f8cdedbd80ab.jpg
/;stranicy/glavnaya/images/072.jpg;13.4;770x300;;rec1603884361;3;https://static.tildacdn.com/tild6161-6631-4733-a566-316133336332/6_1.jpg
/;stranicy/glavnaya/images/073.jpg;21.6;800x447;;rec1603884361;3;https://static.tildacdn.com/tild3730-3035-4263-b730-306435346630/wr4ec8d2tcx75yvrewqg.jpg
/;stranicy/glavnaya/images/074.jpg;9.0;600x318;;rec1603884361;3;https://static.tildacdn.com/tild3961-3364-4833-b137-356262343530/b8064eb17d0d26e64755.jpg
/;stranicy/glavnaya/images/075.png;33.4;241x109;;rec1603884361;3;https://static.tildacdn.com/tild3562-3832-4339-b766-613331353239/noroot.png
/;stranicy/glavnaya/images/076.jpg;18.9;800x445;;rec1603884361;3;https://static.tildacdn.com/tild6631-6336-4563-a165-323633343238/volma.jpg
/;stranicy/glavnaya/images/077.jpg;20.4;800x391;;rec1603884361;3;https://static.tildacdn.com/tild3331-3561-4235-b739-623337353661/e91ee26077a5f6bee9e8.jpg
/;stranicy/glavnaya/images/078.jpg;14.5;800x480;;rec1603884361;3;https://static.tildacdn.com/tild6337-6331-4630-b038-383865646636/c008a1cdca03f5754e3b.jpg
/;stranicy/glavnaya/images/079.png;8.4;954x220;;rec1603884361;3;https://static.tildacdn.com/tild3836-6438-4361-b965-346137323766/AMPM.png
/;stranicy/glavnaya/images/080.png;24.0;653x141;;rec1603884361;3;https://static.tildacdn.com/tild6534-6565-4737-a536-313933666531/logo-3.png
/;stranicy/glavnaya/images/081.jpg;25.1;800x416;;rec1603884361;3;https://static.tildacdn.com/tild6135-6433-4462-a338-316638346462/aa81c04a-7566-4a31-a.jpg
/;stranicy/glavnaya/images/082.webp;6.1;800x66;;rec1603884361;3;https://static.tildacdn.com/tild3738-3639-4339-b031-363661306131/ne8hqxmpi2t7gkccg0b2.webp
/;stranicy/glavnaya/images/083.gif;15.2;500x241;;rec1603884361;3;https://static.tildacdn.com/tild3030-6666-4165-a133-663436356332/dulux.gif
/;stranicy/glavnaya/images/084.jpg;34.4;800x475;;rec1603884361;3;https://static.tildacdn.com/tild3562-3161-4261-b138-633239303063/333a2f91-f2c0-467c-b.jpg
/;stranicy/glavnaya/images/085.png;4.0;800x124;;rec1603884361;3;https://static.tildacdn.com/tild6265-3336-4430-b163-653838353539/litokol_logo.png
/;stranicy/glavnaya/images/086.jpg;19.8;800x800;;rec1603884361;3;https://static.tildacdn.com/tild6135-6535-4636-b963-666566386236/channels4_profile.jpg
/;stranicy/glavnaya/images/087.svg;3.4;;;rec2474219531;1;https://static.tildacdn.com/tild3661-3837-4636-b033-643735623635/Frame_2087332104.svg
/;stranicy/glavnaya/images/088.svg;6.7;;;rec2474219531;1;https://static.tildacdn.com/lib/emoji/fluent/old_woman_flat.svg
/;stranicy/glavnaya/images/089.jpg;39.8;679x683;;rec2474219531;2;https://static.tildacdn.com/tild3761-6637-4736-a363-366165626161/photo.JPG
/;stranicy/glavnaya/images/090.jpg;15.5;373x373;;rec2474219531;2;https://static.tildacdn.com/tild3538-6561-4839-a364-303337353665/photo.JPG
/;stranicy/glavnaya/images/091.png;1408.4;1355x1785;;rec1618174841;3;https://static.tildacdn.com/tild6131-3336-4863-a330-613438626330/noroot.png
/;stranicy/glavnaya/images/092.jpg;26.4;437x347;;rec1619155071;5;https://static.tildacdn.com/tild3063-3335-4738-a136-316532356134/photo.JPG
/;stranicy/glavnaya/images/093.png;30.0;800x638;;rec1618905031;5;https://static.tildacdn.com/tild3663-3039-4461-b461-306439353938/IMG_9481.PNG
/;stranicy/glavnaya/images/094.png;11.1;512x512;;rec1618905031;5;https://static.tildacdn.com/tild3737-3532-4130-a139-623131326338/IMG_9479.PNG
/;stranicy/glavnaya/images/095.png;45.7;1680x1198;;rec1618905031;5;https://static.tildacdn.com/tild3330-6238-4131-a135-663736333932/IMG_9484.PNG
/;stranicy/glavnaya/images/096.png;108.9;1680x1680;;rec1618905031;5;https://static.tildacdn.com/tild3738-3264-4364-b038-366435396137/_1tk.png
/;stranicy/glavnaya/images/097.png;24.4;1000x1000;;rec1618905031;5;https://static.tildacdn.com/tild3837-3233-4866-b631-313131336165/65410045f3f1a9aed1f8.png
/;stranicy/glavnaya/images/098.png;44.4;1365x359;;rec1618905031;5;https://static.tildacdn.com/tild6533-3231-4662-b234-643865396232/noroot.png
/;stranicy/glavnaya/images/099.png;7.0;506x39;;rec1618905031;5;https://static.tildacdn.com/tild6665-3064-4630-b961-326435356463/noroot.png
/;stranicy/glavnaya/images/100.png;41.3;1680x1259;;rec1620972831;5;https://static.tildacdn.com/tild3938-3262-4037-b463-646161306364/IMG_4240.PNG
/;stranicy/glavnaya/images/101.png;42.1;1200x630;;;1;https://static.tildacdn.com/tild3731-3261-4333-a432-663863313463/_.png
/;stranicy/glavnaya/images/102.svg;0.6;;;;8;https://static.tildacdn.com/tild3934-3039-4830-b438-343262326361/EspadaLogo-01.svg
/;stranicy/glavnaya/images/103.svg;0.6;;;;8;https://static.tildacdn.com/tild3834-3763-4834-a562-363832663062/EspadaLogo-01.svg
/;stranicy/glavnaya/images/104.svg;0.6;;;;8;https://static.tildacdn.com/tild3732-3138-4339-b637-373937313735/EspadaLogo-01.svg
/;stranicy/glavnaya/images/105.png;3.4;106x180;;;8;https://static.tildacdn.com/tild6362-3233-4837-a239-663836366330/EspadaLogo-01.png
/design;stranicy/design/images/001.png;11.1;512x512;;rec2471320141;5;https://static.tildacdn.com/tild6639-3530-4230-a232-336561633365/IMG_9479.PNG
/design;stranicy/design/images/002.png;30.0;800x638;;rec2471320141;5;https://static.tildacdn.com/tild6335-6162-4830-b432-313935376235/IMG_9481.PNG
/design;stranicy/design/images/003.png;108.9;1680x1680;;rec2471320141;5;https://static.tildacdn.com/tild3133-3134-4432-b563-343761303963/_1tk.png
/design;stranicy/design/images/004.png;47.0;1373x361;;rec2471320141;5;https://static.tildacdn.com/tild3062-3932-4135-b763-316165343938/noroot.png
/design;stranicy/design/images/005.jpg;154.8;1680x1119;;rec2456609951;4;https://static.tildacdn.com/tild6137-6331-4562-b537-313433393335/02-6FniwN8S9ZI.jpg
/design;stranicy/design/images/006.png;10.7;1236x319;;rec1625377011;1;https://static.tildacdn.com/tild6566-3262-4634-a664-346430616338/noroot.png
/design;stranicy/design/images/007.jpg;79.4;1280x853;;rec1621209371;1;https://static.tildacdn.com/tild3066-6361-4830-a364-303938323636/photo_2025-09-09_20-.jpg
/design;stranicy/design/images/008.jpg;99.6;1280x960;;rec1624306771;1;https://static.tildacdn.com/tild3563-3531-4664-b064-633637643261/photo_2025-04-04_13-.jpg
/design;stranicy/design/images/009.jpg;110.2;1280x960;;rec1624306771;1;https://static.tildacdn.com/tild6561-6639-4134-a563-366661653836/photo_2025-04-04_13-.jpg
/design;stranicy/design/images/010.jpg;100.3;1280x960;;rec1624306771;1;https://static.tildacdn.com/tild6234-3236-4563-b866-653135663638/photo_2025-04-21_16-.jpg
/design;stranicy/design/images/011.jpg;84.3;1280x1024;;rec1624306771;1;https://static.tildacdn.com/tild6238-3032-4862-b865-336364346438/photo_2025-05-30_20-.jpg
/design;stranicy/design/images/012.jpg;137.6;1280x960;;rec1624306771;1;https://static.tildacdn.com/tild6134-6565-4436-a364-343664633630/photo_2025-08-03_14-.jpg
/design;stranicy/design/images/013.jpg;94.0;1280x960;;rec1624306771;1;https://static.tildacdn.com/tild3136-3966-4565-b762-366266333839/photo_2025-08-11_16-.jpg
/design;stranicy/design/images/014.jpg;116.8;1280x853;;rec1624306771;1;https://static.tildacdn.com/tild3736-3433-4139-b662-303532333738/photo_2025-08-24_14-.jpg
/design;stranicy/design/images/015.jpg;105.8;1280x960;;rec1624306771;1;https://static.tildacdn.com/tild6164-6536-4261-a663-353430393865/photo_2025-09-05_12-.jpg
/design;stranicy/design/images/016.jpg;128.0;1280x960;;rec1624306771;1;https://static.tildacdn.com/tild3431-3763-4166-b339-396133663130/photo_2025-09-09_21-.jpg
/design;stranicy/design/images/017.jpg;74.0;955x868;;rec1623637811;1;https://static.tildacdn.com/tild6338-3662-4935-b030-353937313031/photo.JPG
/design;stranicy/design/images/018.jpg;49.1;720x862;;rec1623637811;1;https://static.tildacdn.com/tild3731-6338-4234-b665-383161666134/photo.JPG
/design;stranicy/design/images/019.png;797.9;1076x1158;;rec2474333121;2;https://static.tildacdn.com/tild3761-3734-4639-b230-323637353830/noroot.png
/design;stranicy/design/images/020.jpg;11.6;800x366;;rec2474335551;3;https://static.tildacdn.com/tild3762-3336-4634-b861-636338373530/d2d88030f8cdedbd80ab.jpg
/design;stranicy/design/images/021.jpg;13.4;770x300;;rec2474335551;3;https://static.tildacdn.com/tild6161-6631-4733-a566-316133336332/6_1.jpg
/design;stranicy/design/images/022.jpg;21.6;800x447;;rec2474335551;3;https://static.tildacdn.com/tild3730-3035-4263-b730-306435346630/wr4ec8d2tcx75yvrewqg.jpg
/design;stranicy/design/images/023.jpg;9.0;600x318;;rec2474335551;3;https://static.tildacdn.com/tild3961-3364-4833-b137-356262343530/b8064eb17d0d26e64755.jpg
/design;stranicy/design/images/024.png;33.4;241x109;;rec2474335551;3;https://static.tildacdn.com/tild3562-3832-4339-b766-613331353239/noroot.png
/design;stranicy/design/images/025.jpg;18.9;800x445;;rec2474335551;3;https://static.tildacdn.com/tild6631-6336-4563-a165-323633343238/volma.jpg
/design;stranicy/design/images/026.jpg;20.4;800x391;;rec2474335551;3;https://static.tildacdn.com/tild3331-3561-4235-b739-623337353661/e91ee26077a5f6bee9e8.jpg
/design;stranicy/design/images/027.jpg;14.5;800x480;;rec2474335551;3;https://static.tildacdn.com/tild6337-6331-4630-b038-383865646636/c008a1cdca03f5754e3b.jpg
/design;stranicy/design/images/028.png;8.4;954x220;;rec2474335551;3;https://static.tildacdn.com/tild3836-6438-4361-b965-346137323766/AMPM.png
/design;stranicy/design/images/029.png;24.0;653x141;;rec2474335551;3;https://static.tildacdn.com/tild6534-6565-4737-a536-313933666531/logo-3.png
/design;stranicy/design/images/030.jpg;25.1;800x416;;rec2474335551;3;https://static.tildacdn.com/tild6135-6433-4462-a338-316638346462/aa81c04a-7566-4a31-a.jpg
/design;stranicy/design/images/031.webp;6.1;800x66;;rec2474335551;3;https://static.tildacdn.com/tild3738-3639-4339-b031-363661306131/ne8hqxmpi2t7gkccg0b2.webp
/design;stranicy/design/images/032.gif;15.2;500x241;;rec2474335551;3;https://static.tildacdn.com/tild3030-6666-4165-a133-663436356332/dulux.gif
/design;stranicy/design/images/033.jpg;34.4;800x475;;rec2474335551;3;https://static.tildacdn.com/tild3562-3161-4261-b138-633239303063/333a2f91-f2c0-467c-b.jpg
/design;stranicy/design/images/034.png;4.0;800x124;;rec2474335551;3;https://static.tildacdn.com/tild6265-3336-4430-b163-653838353539/litokol_logo.png
/design;stranicy/design/images/035.jpg;19.8;800x800;;rec2474335551;3;https://static.tildacdn.com/tild6135-6535-4636-b963-666566386236/channels4_profile.jpg
/design;stranicy/design/images/036.jpg;26.4;437x347;;rec2474336281;5;https://static.tildacdn.com/tild3063-3335-4738-a136-316532356134/photo.JPG
/design;stranicy/design/images/037.png;30.0;800x638;;rec2474338401;5;https://static.tildacdn.com/tild3663-3039-4461-b461-306439353938/IMG_9481.PNG
/design;stranicy/design/images/038.png;11.1;512x512;;rec2474338401;5;https://static.tildacdn.com/tild3737-3532-4130-a139-623131326338/IMG_9479.PNG
/design;stranicy/design/images/039.png;45.7;1680x1198;;rec2474338401;5;https://static.tildacdn.com/tild3330-6238-4131-a135-663736333932/IMG_9484.PNG
/design;stranicy/design/images/040.png;108.9;1680x1680;;rec2474338401;5;https://static.tildacdn.com/tild3738-3264-4364-b038-366435396137/_1tk.png
/design;stranicy/design/images/041.png;24.4;1000x1000;;rec2474338401;5;https://static.tildacdn.com/tild3837-3233-4866-b631-313131336165/65410045f3f1a9aed1f8.png
/design;stranicy/design/images/042.png;44.4;1365x359;;rec2474338401;5;https://static.tildacdn.com/tild6533-3231-4662-b234-643865396232/noroot.png
/design;stranicy/design/images/043.png;7.0;506x39;;rec2474338401;5;https://static.tildacdn.com/tild6665-3064-4630-b961-326435356463/noroot.png
/design;stranicy/design/images/044.png;41.3;1680x1259;;rec2474338641;5;https://static.tildacdn.com/tild3938-3262-4037-b463-646161306364/IMG_4240.PNG
/design;stranicy/design/images/045.png;42.1;1200x630;;;1;https://static.tildacdn.com/tild6666-6132-4234-a531-613465636632/_.png
/design;stranicy/design/images/046.svg;0.6;;;;8;https://static.tildacdn.com/tild3934-3039-4830-b438-343262326361/EspadaLogo-01.svg
/design;stranicy/design/images/047.svg;0.6;;;;8;https://static.tildacdn.com/tild3834-3763-4834-a562-363832663062/EspadaLogo-01.svg
/design;stranicy/design/images/048.svg;0.6;;;;8;https://static.tildacdn.com/tild3732-3138-4339-b637-373937313735/EspadaLogo-01.svg
/design;stranicy/design/images/049.png;3.4;106x180;;;8;https://static.tildacdn.com/tild6362-3233-4837-a239-663836366330/EspadaLogo-01.png
/komplekt;stranicy/komplekt/images/001.png;11.1;512x512;;rec2486552661;5;https://static.tildacdn.com/tild6639-3530-4230-a232-336561633365/IMG_9479.PNG
/komplekt;stranicy/komplekt/images/002.png;30.0;800x638;;rec2486552661;5;https://static.tildacdn.com/tild6335-6162-4830-b432-313935376235/IMG_9481.PNG
/komplekt;stranicy/komplekt/images/003.png;108.9;1680x1680;;rec2486552661;5;https://static.tildacdn.com/tild3133-3134-4432-b563-343761303963/_1tk.png
/komplekt;stranicy/komplekt/images/004.png;47.0;1373x361;;rec2486552661;5;https://static.tildacdn.com/tild3062-3932-4135-b763-316165343938/noroot.png
/komplekt;stranicy/komplekt/images/005.jpg;154.8;1680x1119;;rec2486554671;4;https://static.tildacdn.com/tild6137-6331-4562-b537-313433393335/02-6FniwN8S9ZI.jpg
/komplekt;stranicy/komplekt/images/006.png;12.6;1224x308;;rec1625492661;1;https://static.tildacdn.com/tild3034-3838-4666-a337-613538373635/noroot.png
/komplekt;stranicy/komplekt/images/007.jpg;11.6;800x366;;rec2486598131;3;https://static.tildacdn.com/tild3762-3336-4634-b861-636338373530/d2d88030f8cdedbd80ab.jpg
/komplekt;stranicy/komplekt/images/008.jpg;13.4;770x300;;rec2486598131;3;https://static.tildacdn.com/tild6161-6631-4733-a566-316133336332/6_1.jpg
/komplekt;stranicy/komplekt/images/009.jpg;21.6;800x447;;rec2486598131;3;https://static.tildacdn.com/tild3730-3035-4263-b730-306435346630/wr4ec8d2tcx75yvrewqg.jpg
/komplekt;stranicy/komplekt/images/010.jpg;9.0;600x318;;rec2486598131;3;https://static.tildacdn.com/tild3961-3364-4833-b137-356262343530/b8064eb17d0d26e64755.jpg
/komplekt;stranicy/komplekt/images/011.png;33.4;241x109;;rec2486598131;3;https://static.tildacdn.com/tild3562-3832-4339-b766-613331353239/noroot.png
/komplekt;stranicy/komplekt/images/012.jpg;18.9;800x445;;rec2486598131;3;https://static.tildacdn.com/tild6631-6336-4563-a165-323633343238/volma.jpg
/komplekt;stranicy/komplekt/images/013.jpg;20.4;800x391;;rec2486598131;3;https://static.tildacdn.com/tild3331-3561-4235-b739-623337353661/e91ee26077a5f6bee9e8.jpg
/komplekt;stranicy/komplekt/images/014.jpg;14.5;800x480;;rec2486598131;3;https://static.tildacdn.com/tild6337-6331-4630-b038-383865646636/c008a1cdca03f5754e3b.jpg
/komplekt;stranicy/komplekt/images/015.png;8.4;954x220;;rec2486598131;3;https://static.tildacdn.com/tild3836-6438-4361-b965-346137323766/AMPM.png
/komplekt;stranicy/komplekt/images/016.png;24.0;653x141;;rec2486598131;3;https://static.tildacdn.com/tild6534-6565-4737-a536-313933666531/logo-3.png
/komplekt;stranicy/komplekt/images/017.jpg;25.1;800x416;;rec2486598131;3;https://static.tildacdn.com/tild6135-6433-4462-a338-316638346462/aa81c04a-7566-4a31-a.jpg
/komplekt;stranicy/komplekt/images/018.webp;6.1;800x66;;rec2486598131;3;https://static.tildacdn.com/tild3738-3639-4339-b031-363661306131/ne8hqxmpi2t7gkccg0b2.webp
/komplekt;stranicy/komplekt/images/019.gif;15.2;500x241;;rec2486598131;3;https://static.tildacdn.com/tild3030-6666-4165-a133-663436356332/dulux.gif
/komplekt;stranicy/komplekt/images/020.jpg;34.4;800x475;;rec2486598131;3;https://static.tildacdn.com/tild3562-3161-4261-b138-633239303063/333a2f91-f2c0-467c-b.jpg
/komplekt;stranicy/komplekt/images/021.png;4.0;800x124;;rec2486598131;3;https://static.tildacdn.com/tild6265-3336-4430-b163-653838353539/litokol_logo.png
/komplekt;stranicy/komplekt/images/022.jpg;19.8;800x800;;rec2486598131;3;https://static.tildacdn.com/tild6135-6535-4636-b963-666566386236/channels4_profile.jpg
/komplekt;stranicy/komplekt/images/023.png;1408.4;1355x1785;;rec2486600741;3;https://static.tildacdn.com/tild6131-3336-4863-a330-613438626330/noroot.png
/komplekt;stranicy/komplekt/images/024.jpg;26.4;437x347;;rec2486603121;5;https://static.tildacdn.com/tild3063-3335-4738-a136-316532356134/photo.JPG
/komplekt;stranicy/komplekt/images/025.png;30.0;800x638;;rec2486604621;5;https://static.tildacdn.com/tild3663-3039-4461-b461-306439353938/IMG_9481.PNG
/komplekt;stranicy/komplekt/images/026.png;11.1;512x512;;rec2486604621;5;https://static.tildacdn.com/tild3737-3532-4130-a139-623131326338/IMG_9479.PNG
/komplekt;stranicy/komplekt/images/027.png;45.7;1680x1198;;rec2486604621;5;https://static.tildacdn.com/tild3330-6238-4131-a135-663736333932/IMG_9484.PNG
/komplekt;stranicy/komplekt/images/028.png;108.9;1680x1680;;rec2486604621;5;https://static.tildacdn.com/tild3738-3264-4364-b038-366435396137/_1tk.png
/komplekt;stranicy/komplekt/images/029.png;24.4;1000x1000;;rec2486604621;5;https://static.tildacdn.com/tild3837-3233-4866-b631-313131336165/65410045f3f1a9aed1f8.png
/komplekt;stranicy/komplekt/images/030.png;44.4;1365x359;;rec2486604621;5;https://static.tildacdn.com/tild6533-3231-4662-b234-643865396232/noroot.png
/komplekt;stranicy/komplekt/images/031.png;7.0;506x39;;rec2486604621;5;https://static.tildacdn.com/tild6665-3064-4630-b961-326435356463/noroot.png
/komplekt;stranicy/komplekt/images/032.png;41.3;1680x1259;;rec2486604711;5;https://static.tildacdn.com/tild3938-3262-4037-b463-646161306364/IMG_4240.PNG
/komplekt;stranicy/komplekt/images/033.png;42.1;1200x630;;;1;https://static.tildacdn.com/tild6235-6466-4533-b435-383935306637/_.png
/komplekt;stranicy/komplekt/images/034.svg;0.6;;;;8;https://static.tildacdn.com/tild3934-3039-4830-b438-343262326361/EspadaLogo-01.svg
/komplekt;stranicy/komplekt/images/035.svg;0.6;;;;8;https://static.tildacdn.com/tild3834-3763-4834-a562-363832663062/EspadaLogo-01.svg
/komplekt;stranicy/komplekt/images/036.svg;0.6;;;;8;https://static.tildacdn.com/tild3732-3138-4339-b637-373937313735/EspadaLogo-01.svg
/komplekt;stranicy/komplekt/images/037.png;3.4;106x180;;;8;https://static.tildacdn.com/tild6362-3233-4837-a239-663836366330/EspadaLogo-01.png
/priemka;stranicy/priemka/images/001.png;11.1;512x512;;rec2486610191;5;https://static.tildacdn.com/tild6639-3530-4230-a232-336561633365/IMG_9479.PNG
/priemka;stranicy/priemka/images/002.png;30.0;800x638;;rec2486610191;5;https://static.tildacdn.com/tild6335-6162-4830-b432-313935376235/IMG_9481.PNG
/priemka;stranicy/priemka/images/003.png;108.9;1680x1680;;rec2486610191;5;https://static.tildacdn.com/tild3133-3134-4432-b563-343761303963/_1tk.png
/priemka;stranicy/priemka/images/004.png;47.0;1373x361;;rec2486610191;5;https://static.tildacdn.com/tild3062-3932-4135-b763-316165343938/noroot.png
/priemka;stranicy/priemka/images/005.jpg;154.8;1680x1119;;rec2486610521;4;https://static.tildacdn.com/tild6137-6331-4562-b537-313433393335/02-6FniwN8S9ZI.jpg
/priemka;stranicy/priemka/images/006.png;10.0;1224x311;;rec1971571581;1;https://static.tildacdn.com/tild3431-6537-4764-b565-643263333432/noroot.png
/priemka;stranicy/priemka/images/007.png;1408.4;1355x1785;;rec2486652171;3;https://static.tildacdn.com/tild6131-3336-4863-a330-613438626330/noroot.png
/priemka;stranicy/priemka/images/008.jpg;26.4;437x347;;rec2486653281;5;https://static.tildacdn.com/tild3063-3335-4738-a136-316532356134/photo.JPG
/priemka;stranicy/priemka/images/009.png;30.0;800x638;;rec2486653911;5;https://static.tildacdn.com/tild3663-3039-4461-b461-306439353938/IMG_9481.PNG
/priemka;stranicy/priemka/images/010.png;11.1;512x512;;rec2486653911;5;https://static.tildacdn.com/tild3737-3532-4130-a139-623131326338/IMG_9479.PNG
/priemka;stranicy/priemka/images/011.png;45.7;1680x1198;;rec2486653911;5;https://static.tildacdn.com/tild3330-6238-4131-a135-663736333932/IMG_9484.PNG
/priemka;stranicy/priemka/images/012.png;108.9;1680x1680;;rec2486653911;5;https://static.tildacdn.com/tild3738-3264-4364-b038-366435396137/_1tk.png
/priemka;stranicy/priemka/images/013.png;24.4;1000x1000;;rec2486653911;5;https://static.tildacdn.com/tild3837-3233-4866-b631-313131336165/65410045f3f1a9aed1f8.png
/priemka;stranicy/priemka/images/014.png;44.4;1365x359;;rec2486653911;5;https://static.tildacdn.com/tild6533-3231-4662-b234-643865396232/noroot.png
/priemka;stranicy/priemka/images/015.png;7.0;506x39;;rec2486653911;5;https://static.tildacdn.com/tild6665-3064-4630-b961-326435356463/noroot.png
/priemka;stranicy/priemka/images/016.png;41.3;1680x1259;;rec2486653961;5;https://static.tildacdn.com/tild3938-3262-4037-b463-646161306364/IMG_4240.PNG
/priemka;stranicy/priemka/images/017.png;42.1;1200x630;;;1;https://static.tildacdn.com/tild3238-6133-4331-a666-633037306562/_.png
/priemka;stranicy/priemka/images/018.svg;0.6;;;;8;https://static.tildacdn.com/tild3934-3039-4830-b438-343262326361/EspadaLogo-01.svg
/priemka;stranicy/priemka/images/019.svg;0.6;;;;8;https://static.tildacdn.com/tild3834-3763-4834-a562-363832663062/EspadaLogo-01.svg
/priemka;stranicy/priemka/images/020.svg;0.6;;;;8;https://static.tildacdn.com/tild3732-3138-4339-b637-373937313735/EspadaLogo-01.svg
/priemka;stranicy/priemka/images/021.png;3.4;106x180;;;8;https://static.tildacdn.com/tild6362-3233-4837-a239-663836366330/EspadaLogo-01.png
/partners;stranicy/partners/images/001.png;11.1;512x512;;rec2486691841;5;https://static.tildacdn.com/tild6639-3530-4230-a232-336561633365/IMG_9479.PNG
/partners;stranicy/partners/images/002.png;30.0;800x638;;rec2486691841;5;https://static.tildacdn.com/tild6335-6162-4830-b432-313935376235/IMG_9481.PNG
/partners;stranicy/partners/images/003.png;108.9;1680x1680;;rec2486691841;5;https://static.tildacdn.com/tild3133-3134-4432-b563-343761303963/_1tk.png
/partners;stranicy/partners/images/004.png;47.0;1373x361;;rec2486691841;5;https://static.tildacdn.com/tild3062-3932-4135-b763-316165343938/noroot.png
/partners;stranicy/partners/images/005.png;16.2;1224x331;;rec2293032481;2;https://static.tildacdn.com/tild6436-6633-4737-a430-383235353165/noroot.png
/partners;stranicy/partners/images/006.png;210.9;1200x800;;rec2293019481;1;https://static.tildacdn.com/tild3464-3634-4537-a163-616562343636/noroot.png
/partners;stranicy/partners/images/007.png;224.6;658x835;;rec2293019481;1;https://static.tildacdn.com/tild6333-3862-4235-b435-313238356262/noroot.png
/partners;stranicy/partners/images/008.png;252.8;1080x608;;rec2293019481;1;https://static.tildacdn.com/tild3566-3764-4632-a333-333164366562/noroot.png
/partners;stranicy/partners/images/009.jpg;26.4;437x347;;rec2336790911;5;https://static.tildacdn.com/tild3063-3335-4738-a136-316532356134/photo.JPG
/partners;stranicy/partners/images/010.png;30.0;800x638;;rec2486702961;5;https://static.tildacdn.com/tild3663-3039-4461-b461-306439353938/IMG_9481.PNG
/partners;stranicy/partners/images/011.png;11.1;512x512;;rec2486702961;5;https://static.tildacdn.com/tild3737-3532-4130-a139-623131326338/IMG_9479.PNG
/partners;stranicy/partners/images/012.png;45.7;1680x1198;;rec2486702961;5;https://static.tildacdn.com/tild3330-6238-4131-a135-663736333932/IMG_9484.PNG
/partners;stranicy/partners/images/013.png;108.9;1680x1680;;rec2486702961;5;https://static.tildacdn.com/tild3738-3264-4364-b038-366435396137/_1tk.png
/partners;stranicy/partners/images/014.png;24.4;1000x1000;;rec2486702961;5;https://static.tildacdn.com/tild3837-3233-4866-b631-313131336165/65410045f3f1a9aed1f8.png
/partners;stranicy/partners/images/015.png;44.4;1365x359;;rec2486702961;5;https://static.tildacdn.com/tild6533-3231-4662-b234-643865396232/noroot.png
/partners;stranicy/partners/images/016.png;7.0;506x39;;rec2486702961;5;https://static.tildacdn.com/tild6665-3064-4630-b961-326435356463/noroot.png
/partners;stranicy/partners/images/017.png;41.3;1680x1259;;rec2486703801;5;https://static.tildacdn.com/tild3938-3262-4037-b463-646161306364/IMG_4240.PNG
/partners;stranicy/partners/images/018.jpg;34.9;1680x575;;;1;https://static.tildacdn.com/tild3131-3239-4436-a432-663737626530/IMG_4929.JPG
/partners;stranicy/partners/images/019.svg;0.6;;;;8;https://static.tildacdn.com/tild3934-3039-4830-b438-343262326361/EspadaLogo-01.svg
/partners;stranicy/partners/images/020.svg;0.6;;;;8;https://static.tildacdn.com/tild3834-3763-4834-a562-363832663062/EspadaLogo-01.svg
/partners;stranicy/partners/images/021.svg;0.6;;;;8;https://static.tildacdn.com/tild3732-3138-4339-b637-373937313735/EspadaLogo-01.svg
/partners;stranicy/partners/images/022.png;3.4;106x180;;;8;https://static.tildacdn.com/tild6362-3233-4837-a239-663836366330/EspadaLogo-01.png
/politicakonfident;stranicy/politicakonfident/images/001.png;11.8;1680x1259;;rec1620360171;2;https://static.tildacdn.com/tild3533-6431-4639-b166-626435363561/IMG_4242.PNG
/politicakonfident;stranicy/politicakonfident/images/002.png;42.1;1200x630;;;1;https://static.tildacdn.com/tild6632-6530-4564-a664-306162646136/_.png
/politicakonfident;stranicy/politicakonfident/images/003.svg;0.6;;;;8;https://static.tildacdn.com/tild3934-3039-4830-b438-343262326361/EspadaLogo-01.svg
/politicakonfident;stranicy/politicakonfident/images/004.svg;0.6;;;;8;https://static.tildacdn.com/tild3834-3763-4834-a562-363832663062/EspadaLogo-01.svg
/politicakonfident;stranicy/politicakonfident/images/005.svg;0.6;;;;8;https://static.tildacdn.com/tild3732-3138-4339-b637-373937313735/EspadaLogo-01.svg
/politicakonfident;stranicy/politicakonfident/images/006.png;3.4;106x180;;;8;https://static.tildacdn.com/tild6362-3233-4837-a239-663836366330/EspadaLogo-01.png
/soglasienaobrabotku;stranicy/soglasienaobrabotku/images/001.png;11.8;1680x1259;;rec2282973491;2;https://static.tildacdn.com/tild3533-6431-4639-b166-626435363561/IMG_4242.PNG
/soglasienaobrabotku;stranicy/soglasienaobrabotku/images/002.jpg;34.9;1680x575;;;1;https://static.tildacdn.com/tild3637-6133-4632-b166-313830303465/IMG_4929.JPG
/soglasienaobrabotku;stranicy/soglasienaobrabotku/images/003.svg;0.6;;;;8;https://static.tildacdn.com/tild3934-3039-4830-b438-343262326361/EspadaLogo-01.svg
/soglasienaobrabotku;stranicy/soglasienaobrabotku/images/004.svg;0.6;;;;8;https://static.tildacdn.com/tild3834-3763-4834-a562-363832663062/EspadaLogo-01.svg
/soglasienaobrabotku;stranicy/soglasienaobrabotku/images/005.svg;0.6;;;;8;https://static.tildacdn.com/tild3732-3138-4339-b637-373937313735/EspadaLogo-01.svg
/soglasienaobrabotku;stranicy/soglasienaobrabotku/images/006.png;3.4;106x180;;;8;https://static.tildacdn.com/tild6362-3233-4837-a239-663836366330/EspadaLogo-01.png
/5643;stranicy/5643/images/001.png;250.8;700x525;;rec2451830401;2;https://static.tildacdn.com/tild3836-3733-4235-b838-613432353364/noroot.png
/5643;stranicy/5643/images/002.png;439.5;700x560;;rec2451830401;2;https://static.tildacdn.com/tild6331-3931-4837-a363-366563323731/noroot.png
/5643;stranicy/5643/images/003.jpg;72.6;766x1024;;rec2451830401;2;https://static.tildacdn.com/tild3032-6564-4433-b835-626237626435/photo_4_2026-06-11_1.jpg
/5643;stranicy/5643/images/004.png;422.7;700x466;;rec2451830401;2;https://static.tildacdn.com/tild6266-3134-4530-b164-653739623663/7__2026__21_59_11.png
/5643;stranicy/5643/images/005.jpg;65.1;700x1240;;rec2451830401;2;https://static.tildacdn.com/tild3765-3536-4231-a630-333537353935/IMG_7971.JPG
/5643;stranicy/5643/images/006.png;380.0;1292x726;;rec2658309201;2;https://static.tildacdn.com/tild6230-6666-4439-b530-396130613539/noroot.png
/5643;stranicy/5643/images/007.png;538.3;959x540;;rec2658309201;2;https://static.tildacdn.com/tild3232-6633-4666-a537-653935643131/noroot.png
/5643;stranicy/5643/images/008.png;1246.0;1276x730;;rec2658309201;2;https://static.tildacdn.com/tild3531-6262-4537-a364-386234313833/noroot.png
/5643;stranicy/5643/images/009.png;1465.7;1680x2240;;rec2471107611;2;https://static.tildacdn.com/tild3034-6638-4561-b262-666461383665/IMG_2357_.png
/5643;stranicy/5643/images/010.svg;0.6;;;rec2451830841;2;https://static.tildacdn.com/lib/icons/bullets/cross3.svg
/5643;stranicy/5643/images/011.jpg;65.1;960x1280;Photo 1;rec2451831291;2;https://static.tildacdn.com/tild3766-3461-4362-a264-393738363439/photo_6_2026-07-07_2.jpg
/5643;stranicy/5643/images/012.jpg;69.6;960x1280;Photo 2;rec2451831291;2;https://static.tildacdn.com/tild6532-6263-4237-b434-316663646436/photo_5_2026-07-07_2.jpg
/5643;stranicy/5643/images/013.jpg;95.6;960x1280;Photo 3;rec2451831291;2;https://static.tildacdn.com/tild3339-6332-4337-b663-366261626366/photo_3_2026-07-07_2.jpg
/5643;stranicy/5643/images/014.jpg;82.6;960x1280;Photo 4;rec2451831291;2;https://static.tildacdn.com/tild3530-3235-4733-b333-656137393166/photo_4_2026-07-07_2.jpg
/5643;stranicy/5643/images/015.jpg;100.8;854x1280;Photo 5;rec2451831291;2;https://static.tildacdn.com/tild6633-3663-4436-a636-636636623035/photo_3_2026-07-07_2.jpg
/5643;stranicy/5643/images/016.jpg;93.2;960x1280;Photo 6;rec2451831291;2;https://static.tildacdn.com/tild6439-3036-4836-a433-376538663630/photo_8_2026-07-07_2.jpg
/5643;stranicy/5643/images/017.jpg;97.5;854x1280;Photo 7;rec2451831291;2;https://static.tildacdn.com/tild3962-6337-4033-a161-386666393164/photo_1_2026-07-07_2.jpg
/5643;stranicy/5643/images/018.jpg;105.3;1280x854;Photo 8;rec2451831291;2;https://static.tildacdn.com/tild6366-3063-4737-b132-613364653864/photo_4_2026-07-07_2.jpg
/5643;stranicy/5643/images/019.jpg;126.9;1280x854;Photo 9;rec2451831291;2;https://static.tildacdn.com/tild3834-3039-4232-b763-653339323830/photo_5_2026-07-07_2.jpg
/5643;stranicy/5643/images/020.jpg;87.4;960x1280;Photo 15;rec2451831291;2;https://static.tildacdn.com/tild3436-3265-4266-b337-356532303432/photo_7_2026-07-07_2.jpg
/5643;stranicy/5643/images/021.jpg;78.8;854x1280;Photo 16;rec2451831291;2;https://static.tildacdn.com/tild6138-6235-4838-b433-643965623562/photo_2_2026-07-07_2.jpg
/5643;stranicy/5643/images/022.svg;0.8;;;rec2474030201;1;https://static.tildacdn.com/tild6238-6361-4630-b963-303836633937/star.svg
/5643;stranicy/5643/images/023.jpg;39.8;679x683;;rec2474030201;2;https://static.tildacdn.com/tild3761-6637-4736-a363-366165626161/photo.JPG
/5643;stranicy/5643/images/024.svg;56.4;;;rec2474030201;1;https://static.tildacdn.com/lib/emoji/fluent/woman_red_hair_color.svg
/5643;stranicy/5643/images/025.jpg;15.5;373x373;;rec2474030201;2;https://static.tildacdn.com/tild3538-6561-4839-a364-303337353665/photo.JPG
/5643;stranicy/5643/images/026.jpg;57.5;631x738;;rec2474030201;1;https://static.tildacdn.com/tild3539-6339-4132-a539-363431333931/photo.JPG
/5643;stranicy/5643/images/027.svg;5.9;;;rec2474030201;1;https://static.tildacdn.com/lib/emoji/fluent/woman_blonde_hair_flat.svg
/5643;stranicy/5643/images/028.jpg;66.0;700x559;;rec2656424501;1;https://static.tildacdn.com/tild6133-3731-4233-b361-336539656333/IMG_7481_1.jpg
/5643;stranicy/5643/images/029.jpg;55.5;700x393;;rec2656424501;1;https://static.tildacdn.com/tild3162-6362-4862-b965-343535376238/IMG_7542.jpg
/5643;stranicy/5643/images/030.jpg;18.4;700x393;;rec2656424501;1;https://static.tildacdn.com/tild3135-3837-4961-a334-663635363333/IMG_9206.jpg
/5643;stranicy/5643/images/031.jpg;57.8;700x559;;rec2656424501;1;https://static.tildacdn.com/tild3732-6266-4131-b332-386538323161/IMG_9180.jpg
/5643;stranicy/5643/images/032.jpg;36.4;700x466;;rec2656424501;1;https://static.tildacdn.com/tild3235-3661-4963-b636-373337303837/01-KTPOhwQlP1A.jpg
/5643;stranicy/5643/images/033.jpg;37.6;700x466;;rec2656424501;1;https://static.tildacdn.com/tild3164-3535-4933-b962-666465386364/04-11kSW7xffVw.jpg
/5643;stranicy/5643/images/034.jpg;74.3;700x525;;rec2656424501;1;https://static.tildacdn.com/tild3635-3237-4466-b865-313261323766/IMG_1210.jpg
/5643;stranicy/5643/images/035.jpg;56.6;700x525;;rec2656424501;1;https://static.tildacdn.com/tild6164-6139-4534-b662-373531316432/IMG_1189.jpg
/5643;stranicy/5643/images/036.jpg;140.7;700x933;;rec2656424501;2;https://static.tildacdn.com/tild6164-3234-4863-b565-326334653835/IMG_4285.jpg
/5643;stranicy/5643/images/037.jpg;101.1;700x933;;rec2656424501;2;https://static.tildacdn.com/tild3634-3939-4361-a435-353735396165/IMG_4294.jpg
/5643;stranicy/5643/images/038.jpg;44.4;700x466;;rec2656424501;2;https://static.tildacdn.com/tild3136-3763-4464-a339-343465366365/01-Fimh1MPOUW8.jpg
/5643;stranicy/5643/images/039.jpg;47.9;700x466;;rec2656424501;2;https://static.tildacdn.com/tild6465-3062-4262-a639-663039353339/06-pOAMiqzH6tQ.jpg
/5643;stranicy/5643/images/040.jpg;48.8;700x466;;rec2656424501;2;https://static.tildacdn.com/tild6338-6430-4265-b134-666330343531/05-nABrhS0xtgk.jpg
/5643;stranicy/5643/images/041.jpg;46.5;700x466;;rec2656424501;2;https://static.tildacdn.com/tild3162-3762-4235-a134-633566633333/17-t-p3SrqzjbA.jpg
/5643;stranicy/5643/images/042.jpg;50.2;700x466;;rec2656424501;2;https://static.tildacdn.com/tild3938-3537-4332-b566-326162306161/DSCF0166_1.jpg
/5643;stranicy/5643/images/043.jpg;74.1;700x466;;rec2656424501;2;https://static.tildacdn.com/tild6632-3862-4037-a331-373038366538/DSCF0176.jpg
/5643;stranicy/5643/images/044.svg;0.6;;;;8;https://static.tildacdn.com/tild3934-3039-4830-b438-343262326361/EspadaLogo-01.svg
/5643;stranicy/5643/images/045.svg;0.6;;;;8;https://static.tildacdn.com/tild3834-3763-4834-a562-363832663062/EspadaLogo-01.svg
/5643;stranicy/5643/images/046.svg;0.6;;;;8;https://static.tildacdn.com/tild3732-3138-4339-b637-373937313735/EspadaLogo-01.svg
/5643;stranicy/5643/images/047.png;3.4;106x180;;;8;https://static.tildacdn.com/tild6362-3233-4837-a239-663836366330/EspadaLogo-01.png
